ID,Group1,Group2,p,padj,log2
OTU2248,0.045170167,0.016447516,0.000486129,0.000486129,-1.45750055
OTU15,0.050564477,0.373918301,0.004641561,0.004641561,2.886526968
OTU71,0.00610191,0.000164847,0.004646658,0.004646658,-5.210063458
OTU17,0.039163836,0.002934451,0.004870937,0.004870937,-3.738359364
OTU157,0.003666403,0.013704652,0.006170507,0.006170507,1.90222825
OTU312,0.001542603,0.010847217,0.010183949,0.010183949,2.813885863
OTU41,0.05367624,0.147465636,0.01087466,0.01087466,1.458023279
OTU195,0.0004173,0.003200659,0.013191959,0.013191959,2.939210591
OTU227,0.009124636,0.000465769,0.013813278,0.013813278,-4.292079349
OTU284,0.001555702,0.014225512,0.01575383,0.01575383,3.192843215
OTU111,0.02844796,0.008109169,0.018387569,0.018387569,-1.810699294
OTU406,0.000330244,0.004189102,0.018714067,0.018714067,3.665037197
OTU93,0.120207754,0.239363747,0.019497464,0.019497464,0.993674703
OTU484,0.057666814,0.023058402,0.019933731,0.019933731,-1.322448782
OTU476,0.002421538,0.006816085,0.019980076,0.019980076,1.493019559
OTU468,0.008989093,0.001690668,0.023437854,0.023437854,-2.410582023
OTU233,0.004272957,0.000263779,0.026856395,0.026856395,-4.017831379
OTU866,0.29716805,0.111978279,0.026932343,0.026932343,-1.408060096
OTU124,0.029554849,0.07036337,0.02775197,0.02775197,1.251429724
OTU4990,0.002028698,0.010959822,0.027951662,0.027951662,2.43359858
OTU65,0.10151667,0.218626565,0.028037285,0.028037285,1.106752056
OTU144,0.010922317,0.0025381,0.028325988,0.028325988,-2.105457817
OTU421,6.69E-05,0.001156688,0.028918127,0.028918127,4.112327939
OTU214,0.00525101,0.000970059,0.029556971,0.029556971,-2.436450924
OTU839,0.002005604,0.009593926,0.030390534,0.030390534,2.258084325
OTU831,0.004560639,0.000265556,0.030796918,0.030796918,-4.102149408
OTU104,0.060483734,0.114926224,0.030866548,0.030866548,0.926088912
OTU470,0.007334134,0.019984166,0.03157461,0.03157461,1.446158772
OTU253,0.031534685,0.058451665,0.032123793,0.032123793,0.890304585
OTU122,0.00198525,0.009072192,0.034273357,0.034273357,2.192130913
OTU250,0.003186758,0.007078171,0.034625936,0.034625936,1.151287344
OTU440,0.00103418,0.005968581,0.035956784,0.035956784,2.528899957
OTU234,0.003513507,0.000103091,0.03605695,0.03605695,-5.090920432
OTU87,0.200602164,0.433725848,0.037609674,0.037609674,1.112446253
OTU9,1.924853338,0.556426185,0.037762688,0.037762688,-1.790486307
OTU162,0.004525883,0.033775036,0.038682037,0.038682037,2.899685941
OTU302,0.013675621,0.029335292,0.039535635,0.039535635,1.101031012
OTU482,0.002592417,0.011122415,0.039949245,0.039949245,2.101100079
OTU53,0.076387828,0.171182844,0.040834676,0.040834676,1.164123441
OTU143,0.013533297,0.143628433,0.041746001,0.041746001,3.407756083
OTU268,0.055511046,0.02409567,0.043241287,0.043241287,-1.204000939
OTU263,0.003114481,8.11E-05,0.044562465,0.044562465,-5.263457631
OTU416,0.001610287,0.010783832,0.04492626,0.04492626,2.743480524
OTU367,0.000450809,0.007614818,0.046260567,0.046260567,4.078222723
OTU646,0.03397924,0.011309487,0.046277605,0.046277605,-1.587120112
OTU153,0.030390834,0.099292149,0.046315169,0.046315169,1.708043355
OTU1137,0.119380984,0.048086642,0.04862114,0.04862114,-1.311864962
OTU187,0.165146743,0.04211628,0.048884387,0.048884387,-1.971298592
OTU4493,0.001156742,0.008928256,0.049102921,0.049102921,2.94831123
OTU445,0.004928533,0.015222899,0.049706511,0.049706511,1.627012923
OTU425,7.68E-05,0.002872789,0.050763984,0.050763984,5.22572263
OTU231,0.015713941,0.079009835,0.052361,0.052361,2.32998724
OTU859,0.000504004,0.002015169,0.053595281,0.053595281,1.99939481
OTU82,0.186352584,0.325529154,0.053626743,0.053626743,0.804751929
OTU2809,0.002676247,0.008885225,0.055712802,0.055712802,1.731196835
OTU2885,0.001064284,0.009444771,0.055864846,0.055864846,3.149632702
OTU47,0.367125275,0.07665284,0.056113451,0.056113451,-2.259861294
OTU277,0.003394725,0.015738833,0.056502182,0.056502182,2.212961939
OTU101,0.005286685,0.000571781,0.059340553,0.059340553,-3.208828288
OTU377,0.034546749,0.007852632,0.059744738,0.059744738,-2.13730178
OTU228,0.000119791,0.00389255,0.059768442,0.059768442,5.022118346
OTU272,0.136733209,0.040160447,0.060566373,0.060566373,-1.767516448
OTU16,0.066014161,0.128807119,0.061777986,0.061777986,0.964364884
OTU238,0.004363848,0.029874157,0.06348923,0.06348923,2.775225193
OTU20,0.21947081,0.870881713,0.064037417,0.064037417,1.988447708
OTU254,8.91E-05,0.004668603,0.064444959,0.064444959,5.711038272
OTU433,0.005267569,0.017234206,0.06528685,0.06528685,1.710065552
OTU547,0.00571621,0.013958774,0.066647444,0.066647444,1.288041448
OTU452,0.084524699,0.025910158,0.066760501,0.066760501,-1.705855162
OTU315,0.002789713,0.007632343,0.067182698,0.067182698,1.452009238
OTU138,0.009146334,0.000425263,0.06871556,0.06871556,-4.426766477
OTU379,0.002082524,0.010866374,0.071434216,0.071434216,2.383465883
OTU356,0.014024424,0.002693229,0.072633003,0.072633003,-2.380532818
OTU560,0.015853166,0.03012284,0.073035344,0.073035344,0.92608679
OTU447,0.042090958,0.117523482,0.073932628,0.073932628,1.4813668
OTU131,0.008481966,0.024652047,0.074587641,0.074587641,1.539236795
OTU3651,0.0191272,0.006243659,0.076228117,0.076228117,-1.615161959
OTU822,0.003318137,0.007462453,0.07638389,0.07638389,1.169276459
OTU30,1.108584125,0.676139244,0.076483438,0.076483438,-0.713325962
OTU107,0.005939799,0.015862144,0.0775574,0.0775574,1.417101748
OTU276,0.005833954,0.015267055,0.083163366,0.083163366,1.38787581
OTU3707,0.00222892,0.007392628,0.083922572,0.083922572,1.729742707
OTU652,0.085194485,0.04940408,0.083960614,0.083960614,-0.78612984
OTU343,0.054533012,0.018602139,0.084730046,0.084730046,-1.551661319
OTU309,0.004058228,8.97E-05,0.085352954,0.085352954,-5.49900387
OTU740,0.002702052,0.007935055,0.085357127,0.085357127,1.554184717
OTU2611,0.018408038,0.044353094,0.08932552,0.08932552,1.268698912
OTU505,0.003327388,0.009223141,0.089883637,0.089883637,1.470868128
OTU128,0.270142665,0.066197618,0.091577388,0.091577388,-2.028870294
OTU275,0.003340936,0.000164847,0.094154056,0.094154056,-4.341054775
OTU2365,0.008306524,0.038833461,0.094932099,0.094932099,2.224983593
OTU72,0.248989924,0.668834958,0.095380407,0.095380407,1.425562893
OTU88,0.015579146,0.003663673,0.095961437,0.095961437,-2.088253495
OTU205,0.052192395,0.088847327,0.098247519,0.098247519,0.767488752
OTU190,0.00230722,0.023867584,0.098454456,0.098454456,3.370824972
OTU81,0.06557628,0.116275578,0.098938312,0.098938312,0.826302143
OTU114,0.004211853,0.000902716,0.099518164,0.099518164,-2.222110609
OTU2513,0.022107334,0.00696497,0.102278023,0.102278023,-1.666335971
OTU392,0.047966333,0.006125815,0.102469683,0.102469683,-2.969048549
OTU140,0.061496695,0.123012243,0.103679553,0.103679553,1.000221128
OTU424,0.000565781,0.004698342,0.10382474,0.10382474,3.053835848
OTU572,0.000579951,0.002918426,0.105004976,0.105004976,2.331187406
OTU176,0.042334704,0.011252765,0.105032432,0.105032432,-1.911561266
OTU1728,0.003732448,0.014896434,0.106110311,0.106110311,1.996772919
OTU18,0.88102853,1.35309119,0.106673862,0.106673862,0.618998427
OTU242,0.000999955,0.005778479,0.106935587,0.106935587,2.530755117
OTU625,0.001636186,0.000600911,0.107196854,0.107196854,-1.445113339
OTU3944,0.040599752,0.004598265,0.109346258,0.109346258,-3.142309502
OTU105,0.463035659,0.26980039,0.109404967,0.109404967,-0.779230867
OTU5660,0.00329049,0.008440319,0.109582944,0.109582944,1.35899499
OTU397,0.00169465,0.005741642,0.111441877,0.111441877,1.760476031
OTU177,0.018297979,0.06358798,0.111587125,0.111587125,1.797069779
OTU486,0.007073202,0.022747133,0.112556983,0.112556983,1.685249358
OTU374,0.007941274,0.036377615,0.112951722,0.112951722,2.195608502
OTU42,2.162121164,1.0348085,0.114397805,0.114397805,-1.063083563
OTU529,0.000174305,0.00418346,0.114529312,0.114529312,4.585007791
OTU306,0.054673583,0.145783644,0.115616642,0.115616642,1.414913051
OTU5550,0.052943851,0.013537742,0.116162496,0.116162496,-1.967476029
OTU80,0.09741632,0.446290764,0.120804931,0.120804931,2.195748559
OTU270,0.01351845,0.023659322,0.120967985,0.120967985,0.807479026
OTU221,0.028675208,0.072388212,0.123244181,0.123244181,1.335950839
OTU340,0.006527096,0.021979739,0.123901976,0.123901976,1.751661022
OTU331,0.001080637,0.006965233,0.123956926,0.123956926,2.688289668
OTU2456,0.008893987,0.022333915,0.124793649,0.124793649,1.328334024
OTU1581,0.007387995,0.021038607,0.127119306,0.127119306,1.509784407
OTU243,0.005741161,0.017261176,0.127323719,0.127323719,1.588116397
OTU2942,0.010202064,0.031461202,0.127401621,0.127401621,1.624712759
OTU3631,0.010565715,0.003564841,0.127925492,0.127925492,-1.567480893
OTU324,0.019446243,0.003250761,0.128607095,0.128607095,-2.580642035
OTU4785,0.008000684,0.004648383,0.128690813,0.128690813,-0.783394245
OTU385,0.01163655,0.001981353,0.128708412,0.128708412,-2.5541059
OTU1005,0.00358204,0.012153835,0.129781054,0.129781054,1.762558285
OTU134,0.001369045,0.00432409,0.130888432,0.130888432,1.659226449
OTU940,0.038800305,0.013711966,0.131396248,0.131396248,-1.500632617
OTU2636,0.002742038,0.005745839,0.132410732,0.132410732,1.067268755
OTU332,0.014289773,0.002405706,0.132524419,0.132524419,-2.570450769
OTU189,0.039476077,0.022739663,0.132980344,0.132980344,-0.795767756
OTU5632,0.003640907,0.007984232,0.133094085,0.133094085,1.132855608
OTU202,0.023638473,0.007950527,0.133347187,0.133347187,-1.572014388
OTU160,0.015585729,0.005703923,0.134984104,0.134984104,-1.450199309
OTU269,0.000282956,0.004405245,0.135015314,0.135015314,3.960571465
OTU298,0.009409015,0.020679997,0.135274915,0.135274915,1.136120355
OTU651,0.051714785,0.02200082,0.137231543,0.137231543,-1.233019522
OTU413,0.009722588,0.00155484,0.138294602,0.138294602,-2.64457406
OTU2639,0.004501535,0.001795602,0.138315703,0.138315703,-1.325949337
OTU4455,0.013384309,0.005033076,0.138589249,0.138589249,-1.411030496
OTU96,0.015552528,0.004050164,0.139229871,0.139229871,-1.941096731
OTU5050,0.005751305,0.010243863,0.139540876,0.139540876,0.832798653
OTU1948,0.00669998,0.01682758,0.141066803,0.141066803,1.328599058
OTU4431,0.003178375,0.008458129,0.14145804,0.14145804,1.412049031
OTU2114,0.002088113,0.008574489,0.14315603,0.14315603,2.037850863
OTU3784,0.003636971,0.007933432,0.144693552,0.144693552,1.125207716
OTU359,0.001432703,0.005220524,0.146757308,0.146757308,1.865454892
OTU726,0.024734529,0.00439236,0.147330028,0.147330028,-2.49345807
OTU303,0.004558704,0.02506423,0.147667189,0.147667189,2.458934395
OTU3867,0.000258227,0.002371134,0.148954714,0.148954714,3.19886481
OTU606,0.00732016,0.013303191,0.149008952,0.149008952,0.861825289
OTU509,0.018117503,0.006055182,0.151480517,0.151480517,-1.581141974
OTU4988,0.004039024,0.00880091,0.151518435,0.151518435,1.123645874
OTU4712,0.002640129,0.000752617,0.1518651,0.1518651,-1.810621307
OTU130,0.056578348,0.094785331,0.152723432,0.152723432,0.744413763
OTU97,0.020667412,0.01159026,0.152854329,0.152854329,-0.834444792
OTU83,0.462262023,0.04237552,0.152969693,0.152969693,-3.447407859
OTU178,0.025868955,0.048270922,0.153181807,0.153181807,0.899932588
OTU109,0.030862437,0.050273639,0.154532343,0.154532343,0.703950129
OTU182,0.026327068,0.011545669,0.154662346,0.154662346,-1.189195142
OTU896,0.03280121,0.084908197,0.156090683,0.156090683,1.372154806
OTU830,0.004042901,0.011217075,0.157070924,0.157070924,1.472233844
OTU913,0.005573621,0.012884752,0.158447999,0.158447999,1.208978003
OTU384,0.010535358,0.020410807,0.159101611,0.159101611,0.954093969
OTU217,0.080801021,0.041978661,0.160396197,0.160396197,-0.944717383
OTU206,0.001402652,0.007270249,0.160879452,0.160879452,2.373847628
OTU3042,0.002111437,0.010223646,0.160924755,0.160924755,2.275612959
OTU86,0.147414451,0.24211922,0.162205463,0.162205463,0.715839655
OTU411,0.008294257,0.061223333,0.162845283,0.162845283,2.883896851
OTU2399,0.005761297,0.012584332,0.164625927,0.164625927,1.127163177
OTU194,0.035759272,0.014924231,0.165893699,0.165893699,-1.260660745
OTU687,0.004718318,0.009361692,0.16765819,0.16765819,0.988496767
OTU273,0.001367534,0.004387114,0.168114514,0.168114514,1.68169543
OTU1963,0.000925968,0.007958398,0.170457264,0.170457264,3.103444391
OTU208,0.185796785,0.08840674,0.171147854,0.171147854,-1.071497266
OTU31,0.422880351,0.714628161,0.171992283,0.171992283,0.756943239
OTU1151,0.063086408,0.113026827,0.172120859,0.172120859,0.84126413
OTU545,0.122908991,0.064953293,0.172844631,0.172844631,-0.920115872
OTU169,0.047009776,0.016796089,0.178409461,0.178409461,-1.484835437
OTU841,0.024437168,0.011298352,0.179408774,0.179408774,-1.112964756
OTU453,0.003498974,0.013230009,0.18028541,0.18028541,1.918810284
OTU289,0.021389629,0.096397668,0.181012789,0.181012789,2.172086778
OTU256,0.00052484,0.007274613,0.181726437,0.181726437,3.79292152
OTU167,0.003049687,0.001175668,0.182413603,0.182413603,-1.375180178
OTU473,0.002583457,0.012407475,0.183527686,0.183527686,2.263835006
OTU68,0.042401708,0.105827526,0.183978886,0.183978886,1.31952065
OTU325,0.013589471,0.002844284,0.184390653,0.184390653,-2.256351868
OTU77,0.518374657,0.344336165,0.185294063,0.185294063,-0.590177476
OTU89,0.208920178,0.317725605,0.187307365,0.187307365,0.60482952
OTU1419,0.020662864,0.038296652,0.188915774,0.188915774,0.890178054
OTU207,0.033406134,0.022018921,0.189156358,0.189156358,-0.601369218
OTU310,0.103817886,0.237859173,0.190049286,0.190049286,1.196052638
OTU346,0.00736943,0.013785954,0.190443226,0.190443226,0.903574113
OTU615,0.002987055,0.011573798,0.190719112,0.190719112,1.954066652
OTU125,0.061720633,0.015087048,0.19232405,0.19232405,-2.032442329
OTU808,0.011206192,0.021002972,0.192371346,0.192371346,0.906297343
OTU1592,0.000391577,0.001617472,0.194518423,0.194518423,2.046373885
OTU493,0.010308251,0.025859869,0.195118483,0.195118483,1.3269154
OTU3141,0.020250583,0.005485143,0.198504332,0.198504332,-1.884362341
OTU1113,0.013164334,0.005770679,0.198556996,0.198556996,-1.189821446
OTU3283,0.011556512,0.022558818,0.19883414,0.19883414,0.964985471
OTU257,0.002206749,0.000451694,0.199626258,0.199626258,-2.288506324
OTU62,0.168394481,0.662453472,0.199799202,0.199799202,1.975974276
OTU235,0.008669539,0.004087244,0.199938922,0.199938922,-1.084826828
OTU4469,0.004187615,0.020643297,0.2009877,0.2009877,2.301472683
OTU1459,0.004596947,0.019158929,0.202564126,0.202564126,2.059268938
OTU368,0.001081025,0.000267938,0.203604415,0.203604415,-2.012430119
OTU186,0.076171196,0.012735991,0.203697304,0.203697304,-2.580334378
OTU85,0.096654411,0.307983684,0.203798053,0.203798053,1.671946441
OTU46,0.35406675,0.098595347,0.204163204,0.204163204,-1.8444299
OTU1,6.372967253,2.902771369,0.205685423,0.205685423,-1.134534302
OTU1049,0.006977897,0.024665022,0.206695819,0.206695819,1.821602456
OTU401,0.003625074,0.024147836,0.207926171,0.207926171,2.735811574
OTU59,0.311952097,0.70141735,0.209687676,0.209687676,1.16894861
OTU311,0.03569056,0.075448507,0.212155266,0.212155266,1.07994981
OTU448,0.000547131,0.011282165,0.214277039,0.214277039,4.366014111
OTU344,0.002918305,0.010610429,0.214727283,0.214727283,1.862280355
OTU348,0.203282167,0.133418723,0.215119168,0.215119168,-0.60752252
OTU3522,0.000952061,0.006842097,0.215911938,0.215911938,2.845312143
OTU35,0.13987711,0.598393728,0.216343515,0.216343515,2.096935162
OTU281,0.049739018,0.074069104,0.21905296,0.21905296,0.574493848
OTU4366,0.023608325,0.012949535,0.219100756,0.219100756,-0.866395401
OTU145,0.00726042,0.003536208,0.219412993,0.219412993,-1.037849936
OTU108,0.01999036,0.035021603,0.220057129,0.220057129,0.808940634
OTU608,0.019425924,0.009921751,0.221353798,0.221353798,-0.969316618
OTU2988,0.02318896,0.036403241,0.222623716,0.222623716,0.650628797
OTU226,0.007415945,0.013890392,0.222774877,0.222774877,0.905384788
OTU185,0.024958778,0.039477761,0.223285683,0.223285683,0.661492859
OTU414,0.09802037,0.137738699,0.223863435,0.223863435,0.490780454
OTU370,0.000651556,0.000254584,0.224708605,0.224708605,-1.355748347
OTU586,0.001327642,0.002675514,0.2249739,0.2249739,1.010949927
OTU154,0.037777219,0.014548362,0.226161934,0.226161934,-1.376659751
OTU220,0.039780613,0.017908192,0.226623544,0.226623544,-1.151445831
OTU869,0.007291607,0.018491585,0.22720346,0.22720346,1.342560103
OTU861,0.093102212,0.023989983,0.227802471,0.227802471,-1.956383299
OTU428,0.002683714,0.021938192,0.228011367,0.228011367,3.031141724
OTU3237,0.029558714,0.054616483,0.230402175,0.230402175,0.885752881
OTU246,0.007096884,0.023218524,0.232672487,0.232672487,1.710018512
OTU212,0.00291482,0.007837677,0.232972563,0.232972563,1.427019401
OTU50,0.108225486,0.159743649,0.233202196,0.233202196,0.561718295
OTU5193,0.002417991,0.000986432,0.233918809,0.233918809,-1.293516594
OTU170,0.055257987,0.10084297,0.234692719,0.234692719,0.8678556
OTU322,0.018224592,0.005625069,0.236499046,0.236499046,-1.695943737
OTU92,0.107025636,0.161993839,0.236641117,0.236641117,0.59798254
OTU260,0.002821071,0.000637056,0.23768379,0.23768379,-2.146750548
OTU654,0.00271115,0.000252979,0.23858319,0.23858319,-3.421815144
OTU759,0.003305541,0.00549451,0.238606009,0.238606009,0.733104393
OTU3556,0.006322162,0.002211216,0.239101506,0.239101506,-1.515578212
OTU121,0.065938665,0.025931286,0.240012096,0.240012096,-1.346430938
OTU57,0.371759109,0.026331227,0.240263323,0.240263323,-3.819521451
OTU314,0.000842036,0.009330743,0.24053751,0.24053751,3.47003841
OTU40,0.40209547,0.571761501,0.240863908,0.240863908,0.507875398
OTU1007,0.006389506,0.013512887,0.241324253,0.241324253,1.080559503
OTU78,0.13469638,0.205274556,0.243664064,0.243664064,0.607843729
OTU236,0.013326798,0.023932569,0.244595079,0.244595079,0.84464513
OTU403,0.002242,0.004950442,0.245566416,0.245566416,1.142771269
OTU1238,0.00129948,0.000401075,0.245659509,0.245659509,-1.695991387
OTU429,0.016089013,0.006043766,0.246844996,0.246844996,-1.412556058
OTU372,0.012455165,0.052727677,0.247194857,0.247194857,2.081816358
OTU288,0.015085101,0.024378706,0.250354832,0.250354832,0.692497149
OTU5,8.294741662,10.72330806,0.251785695,0.251785695,0.37048108
OTU158,0.01292481,0.02082258,0.25190699,0.25190699,0.688005707
OTU181,0.033071672,0.01111111,0.25484275,0.25484275,-1.573593016
OTU393,0.00444927,0.009098945,0.256046072,0.256046072,1.032130646
OTU396,0.007070343,0.001049661,0.256466007,0.256466007,-2.751857428
OTU52,0.378042232,0.589765893,0.258264936,0.258264936,0.641594982
OTU19,0.126171983,0.078422169,0.258936744,0.258936744,-0.686058135
OTU400,0.014259744,0.037802087,0.259038424,0.259038424,1.406517815
OTU51,1.004400644,1.493604773,0.259682902,0.259682902,0.572463584
OTU2348,0.011148063,0.005178875,0.260412984,0.260412984,-1.106082551
OTU347,0.000372598,0.014386101,0.261560228,0.261560228,5.270911785
OTU58,0.395986014,0.248083542,0.264905453,0.264905453,-0.674623446
OTU32,0.593767697,0.841016018,0.265119177,0.265119177,0.50223467
OTU1167,0.020495052,0.002839533,0.265717036,0.265717036,-2.851549847
OTU171,0.038552479,0.013520977,0.265739018,0.265739018,-1.51162417
OTU326,0.005742854,0.010067546,0.265926617,0.265926617,0.809872387
OTU378,0.004363495,0.010150989,0.268073635,0.268073635,1.218064125
OTU381,0.012326727,0.018943889,0.26821932,0.26821932,0.619942783
OTU430,0.066937295,0.03579264,0.268979302,0.268979302,-0.903147274
OTU1217,0.011676822,0.018627147,0.270321204,0.270321204,0.673758984
OTU215,0.025056511,0.006970688,0.272635986,0.272635986,-1.845812529
OTU1008,0.003253179,0.005947601,0.274648854,0.274648854,0.870457861
OTU293,0.013472876,0.023816361,0.27695654,0.27695654,0.821895152
OTU1240,0.009355412,0.005712417,0.2775799,0.2775799,-0.711700006
OTU3221,0.01574422,0.031446214,0.277961395,0.277961395,0.998064096
OTU240,0.009192211,0.017378906,0.279515926,0.279515926,0.918853358
OTU2344,0.010983105,0.035227551,0.279905601,0.279905601,1.68141819
OTU454,0.004058548,0.007811426,0.280332689,0.280332689,0.944622158
OTU820,0.006723896,0.011639351,0.283413744,0.283413744,0.791641339
OTU241,0.006757362,0.016869704,0.283976123,0.283976123,1.319902497
OTU1154,0.292903309,0.113180884,0.2851468,0.2851468,-1.371794187
OTU330,0.009865742,0.037868322,0.289306984,0.289306984,1.940492098
OTU2472,0.026913245,0.045831931,0.289634412,0.289634412,0.768036722
OTU350,0.008734651,0.018611315,0.289841588,0.289841588,1.091358059
OTU249,0.085521574,0.004488299,0.29074512,0.29074512,-4.252047672
OTU455,0.004417864,0.002438364,0.291548669,0.291548669,-0.857435607
OTU534,0.000168083,0.002225488,0.292022789,0.292022789,3.726879699
OTU3660,0.001484509,0.005693843,0.292329878,0.292329878,1.939417174
OTU106,0.021436553,0.037438908,0.293703556,0.293703556,0.804465398
OTU304,0.088149996,0.005821977,0.294795624,0.294795624,-3.920379553
OTU517,0.027943103,0.060432053,0.29509366,0.29509366,1.112821738
OTU267,0.000650232,0.003175743,0.295154445,0.295154445,2.288067315
OTU609,0.006823992,0.004235695,0.295650401,0.295650401,-0.688017439
OTU1073,0.023077442,0.004736962,0.296337614,0.296337614,-2.284449342
OTU339,0.015051137,0.025148963,0.296350148,0.296350148,0.740626464
OTU419,4.12E-05,0.003381666,0.296460331,0.296460331,6.359501973
OTU29,0.083935033,0.114820618,0.298024951,0.298024951,0.452036728
OTU290,0.148017559,0.206240459,0.300083514,0.300083514,0.478559052
OTU3814,0.061162626,0.01670712,0.302241698,0.302241698,-1.872187291
OTU361,0.020931693,0.008961253,0.303838289,0.303838289,-1.22391664
OTU1287,0.036733828,0.023377092,0.304224796,0.304224796,-0.652013731
OTU4217,0.002376996,0.005828942,0.309032874,0.309032874,1.294094843
OTU33,0.055950192,0.073990367,0.310930201,0.310930201,0.403194375
OTU198,0.026726711,0.012195156,0.310981201,0.310981201,-1.131974127
OTU434,0.001411699,0.003234471,0.312006341,0.312006341,1.196097324
OTU247,0.02706702,0.010090549,0.313435831,0.313435831,-1.423531399
OTU139,0.025644117,0.057281899,0.314540888,0.314540888,1.159451405
OTU223,0.010157949,0.023442537,0.314644671,0.314644671,1.20651961
OTU218,0.00045644,0.001510119,0.314906399,0.314906399,1.726166904
OTU110,0.046166957,0.087542531,0.314994884,0.314994884,0.923123453
OTU237,0.001028052,0.002310823,0.315961461,0.315961461,1.168493551
OTU2493,0.009551078,0.014603517,0.316654822,0.316654822,0.612580373
OTU4167,0.017605354,0.026478528,0.316704495,0.316704495,0.588808723
OTU66,0.090965506,0.179143322,0.31962669,0.31962669,0.977722787
OTU2999,0.011875205,0.017760172,0.320698269,0.320698269,0.58069314
OTU320,0.011297617,0.005589922,0.321105967,0.321105967,-1.015118516
OTU69,0.09747602,0.135347883,0.321539203,0.321539203,0.47355307
OTU204,0.00475152,0.017382287,0.323092265,0.323092265,1.871156817
OTU5100,0.007885082,0.012069673,0.323141469,0.323141469,0.614188839
OTU556,0.00054876,0.00183109,0.323341236,0.323341236,1.738454742
OTU552,0.006742497,0.004234672,0.324075436,0.324075436,-0.671032653
OTU27,0.042727107,0.099221276,0.324259126,0.324259126,1.215497893
OTU14,0.23795433,0.358334729,0.32582071,0.32582071,0.590623168
OTU2129,0.013211929,0.025661274,0.325967654,0.325967654,0.957751728
OTU1721,0.010521196,0.00353655,0.326035634,0.326035634,-1.572883979
OTU1682,0.017438709,0.026088282,0.327082217,0.327082217,0.581108719
OTU174,0.056886211,0.020177819,0.328626771,0.328626771,-1.495308757
OTU173,0.002033684,0.004367674,0.329353071,0.329353071,1.102769904
OTU3262,0.008250235,0.004770007,0.330302127,0.330302127,-0.790443937
OTU357,0.024976004,0.011260963,0.33108928,0.33108928,-1.149212466
OTU193,0.011914734,0.018902802,0.331542288,0.331542288,0.665853398
OTU439,0.11287635,0.020722362,0.331572053,0.331572053,-2.445482867
OTU165,0.178257093,0.281565046,0.332611634,0.332611634,0.659508762
OTU23,0.248892899,0.35097425,0.333618787,0.333618787,0.495840117
OTU358,0.001451987,0.010366009,0.335600605,0.335600605,2.835760019
OTU36,0.235796191,0.149698083,0.337618705,0.337618705,-0.655484668
OTU719,0.015584379,0.025977012,0.338144869,0.338144869,0.737134855
OTU292,0.01005257,0.006489805,0.340685068,0.340685068,-0.631317378
OTU349,0.043416202,0.004698981,0.34082939,0.34082939,-3.207813744
OTU43,0.848078182,0.630901792,0.343599334,0.343599334,-0.426781821
OTU3012,0.106168697,0.033091887,0.347036778,0.347036778,-1.681808999
OTU1874,0.023363071,0.013347777,0.347567158,0.347567158,-0.807630449
OTU451,0.00133318,0.015914534,0.351602326,0.351602326,3.577401929
OTU94,0.859272904,0.474597593,0.35226604,0.35226604,-0.856411619
OTU696,0.013324921,0.022214528,0.354453595,0.354453595,0.737376478
OTU2159,0.0018519,0.003064105,0.354585818,0.354585818,0.72645942
OTU264,0.090675829,0.016463751,0.354694579,0.354694579,-2.461424946
OTU706,0.003032773,0.0120416,0.362306822,0.362306822,1.989317572
OTU404,0.002544515,0.004904554,0.362805439,0.362805439,0.946731254
OTU117,0.165575938,0.236532938,0.362851716,0.362851716,0.514548069
OTU274,0.033468415,0.051644026,0.364119805,0.364119805,0.625801234
OTU255,0.031741479,0.01734959,0.368117174,0.368117174,-0.871467769
OTU1387,0.00441527,0.006355306,0.371858595,0.371858595,0.525459786
OTU944,0.002998073,0.00606775,0.373419501,0.373419501,1.017125926
OTU773,0.008921364,0.005172295,0.374578907,0.374578907,-0.786459714
OTU528,0.014929067,0.007263523,0.377899029,0.377899029,-1.039382651
OTU3937,0.023419675,0.03266595,0.377960512,0.377960512,0.480066531
OTU155,0.048778266,0.07420635,0.378351294,0.378351294,0.605304166
OTU156,0.04639303,0.018982356,0.378632529,0.378632529,-1.289248999
OTU485,0.008008937,0.005056245,0.37927776,0.37927776,-0.663544434
OTU197,0.050330282,0.021796709,0.381571856,0.381571856,-1.20731634
OTU75,0.020984991,0.043976779,0.381620002,0.381620002,1.067384052
OTU4591,0.000717644,0.001522153,0.383087757,0.383087757,1.084773523
OTU407,0.005163187,0.016776713,0.38309796,0.38309796,1.700126199
OTU136,0.176512414,0.115505168,0.38326475,0.38326475,-0.611812245
OTU73,0.162039817,0.113383904,0.383661428,0.383661428,-0.515132507
OTU806,0.036145929,0.052557244,0.384399602,0.384399602,0.540056453
OTU3,7.224539651,4.206472011,0.385406658,0.385406658,-0.780294917
OTU2796,0.004031954,0.01380726,0.385433958,0.385433958,1.775876093
OTU688,0.001580114,0.003305114,0.386654987,0.386654987,1.064671311
OTU365,0.002495725,0.001148564,0.387880378,0.387880378,-1.119628222
OTU318,0.012001707,0.005253578,0.388090226,0.388090226,-1.191867399
OTU141,0.181280251,0.28620049,0.389241311,0.389241311,0.658804381
OTU219,0.030595611,0.018862936,0.390395449,0.390395449,-0.697770426
OTU2203,0.008628559,0.005595694,0.395887863,0.395887863,-0.624802598
OTU191,0.013863108,0.005651709,0.398031159,0.398031159,-1.294491704
OTU383,0.18637416,0.091072884,0.399092588,0.399092588,-1.033108367
OTU345,0.002630345,0.001438766,0.399596115,0.399596115,-0.870419918
OTU2898,0.00783646,0.014623249,0.399802976,0.399802976,0.899989848
OTU748,0.003385204,0.00591356,0.401776767,0.401776767,0.804784145
OTU25,2.830553537,2.140869402,0.403471571,0.403471571,-0.40288742
OTU4512,0.020309918,0.013323827,0.40483823,0.40483823,-0.608175876
OTU533,0.008071834,0.018299738,0.406111629,0.406111629,1.180854553
OTU987,0.004172012,0.008149584,0.406126074,0.406126074,0.965983231
OTU61,0.022190185,0.029910913,0.409149189,0.409149189,0.430750219
OTU13,1.174950309,0.850247621,0.411064742,0.411064742,-0.466644774
OTU24,0.07657273,0.112701056,0.411452272,0.411452272,0.557598445
OTU301,0.011840737,0.019281458,0.412432468,0.412432468,0.703455256
OTU150,0.040507919,0.05228513,0.413434754,0.413434754,0.36819672
OTU151,0.008952731,0.02039774,0.41441103,0.41441103,1.18800957
OTU333,0.038970806,0.023142477,0.416169402,0.416169402,-0.751850465
OTU316,0.009669313,0.005885471,0.417428529,0.417428529,-0.716255561
OTU5879,0.010384825,0.006403517,0.419177812,0.419177812,-0.69754043
OTU2246,0.021556359,0.041222891,0.421738533,0.421738533,0.935332182
OTU781,0.035687439,0.01301094,0.422543515,0.422543515,-1.455691134
OTU1443,0.001747522,0.002790001,0.422829858,0.422829858,0.674955447
OTU21,2.008886382,1.696508726,0.423357608,0.423357608,-0.24382712
OTU98,0.12471023,0.065122618,0.42613754,0.42613754,-0.937349212
OTU115,0.009539935,0.005426086,0.430354635,0.430354635,-0.814067535
OTU259,0.075840212,0.057731241,0.431731791,0.431731791,-0.393610743
OTU26,1.864490415,1.006073211,0.432964148,0.432964148,-0.890046088
OTU38,0.603918857,0.752653435,0.433708575,0.433708575,0.317630998
OTU812,0.017354937,0.024321642,0.435508617,0.435508617,0.486894476
OTU618,0.001736257,0.002861952,0.438369673,0.438369673,0.721018825
OTU563,0.001825005,0.003114644,0.439581163,0.439581163,0.771167378
OTU5345,0.080930122,0.224226405,0.439621068,0.439621068,1.470207503
OTU499,0.011137803,0.008059338,0.440696071,0.440696071,-0.466731448
OTU55,0.120013366,0.063813874,0.44128071,0.44128071,-0.91125305
OTU133,0.484136411,0.607451298,0.441868771,0.441868771,0.327355145
OTU540,0.009843852,0.0057153,0.450910127,0.450910127,-0.784393781
OTU568,0.017569662,0.023953382,0.452958075,0.452958075,0.447142922
OTU79,0.187167307,0.142294007,0.453069901,0.453069901,-0.395453562
OTU148,0.011104089,0.015708117,0.455521224,0.455521224,0.500419158
OTU391,0.017571159,0.010445341,0.456275011,0.456275011,-0.750349717
OTU163,0.004802611,0.007059835,0.456926686,0.456926686,0.555815608
OTU168,0.005745839,0.003871661,0.45742189,0.45742189,-0.5695648
OTU4,3.47515384,2.477500998,0.458798475,0.458798475,-0.488191207
OTU334,0.023626545,0.081606624,0.459868091,0.459868091,1.788277592
OTU1272,0.015504158,0.007379703,0.459995167,0.459995167,-1.071020515
OTU166,0.003797937,0.008182329,0.463268315,0.463268315,1.107295673
OTU412,0.004143917,0.001496257,0.464191002,0.464191002,-1.469637198
OTU4723,0.001744089,0.002974073,0.465463017,0.465463017,0.769966383
OTU232,0.026568954,0.058227922,0.46556562,0.46556562,1.131969714
OTU180,0.0476055,0.033545559,0.472816511,0.472816511,-0.505006465
OTU673,0.03028196,0.019015929,0.47300562,0.47300562,-0.67125019
OTU230,0.010264487,0.014827775,0.474398456,0.474398456,0.530640583
OTU2647,0.118816308,0.096431408,0.474580474,0.474580474,-0.301157845
OTU296,0.013019788,0.017906846,0.476929546,0.476929546,0.459805273
OTU39,0.292009308,0.209652258,0.480802043,0.480802043,-0.478015984
OTU1747,0.003424524,0.005128975,0.481270251,0.481270251,0.58276718
OTU3366,0.08270482,0.060111701,0.481660628,0.481660628,-0.460325561
OTU6,7.360074588,10.81297089,0.482098349,0.482098349,0.55497067
OTU118,0.267322732,0.458705294,0.483659097,0.483659097,0.778985034
OTU669,0.000454518,0.000824178,0.485691344,0.485691344,0.858618306
OTU389,0.002695599,0.003658077,0.485935122,0.485935122,0.440479374
OTU5035,0.004540323,0.003071568,0.486030345,0.486030345,-0.563819597
OTU352,0.000558002,0.000971433,0.48649002,0.48649002,0.799843624
OTU192,0.001552211,0.003046483,0.488126598,0.488126598,0.972820068
OTU74,0.016302533,0.009987011,0.492407808,0.492407808,-0.706971201
OTU37,1.691500055,0.84455768,0.492777061,0.492777061,-1.002035362
OTU2236,0.016475431,0.010453015,0.493231164,0.493231164,-0.656397162
OTU3849,0.01297466,0.008743175,0.493858817,0.493858817,-0.569467596
OTU184,0.118360421,0.065539393,0.493886131,0.493886131,-0.852752526
OTU744,0.003572306,0.006859923,0.495782871,0.495782871,0.941336654
OTU307,0.045374603,0.033060243,0.497891146,0.497891146,-0.456787667
OTU362,0.027945501,0.013154043,0.498492967,0.498492967,-1.087109802
OTU95,0.141298474,0.089891579,0.501415367,0.501415367,-0.652488006
OTU317,0.018277895,0.011361993,0.501580035,0.501580035,-0.685883995
OTU48,1.536611189,2.254544016,0.502232359,0.502232359,0.553083512
OTU183,0.028119868,0.01653872,0.505109339,0.505109339,-0.765742224
OTU1461,0.000615154,0.000384115,0.506495698,0.506495698,-0.679409754
OTU60,0.453680555,0.666932326,0.507055188,0.507055188,0.555863553
OTU601,0.009161112,0.013828406,0.508939858,0.508939858,0.594040203
OTU172,0.024340506,0.019288373,0.50940183,0.50940183,-0.335627691
OTU472,0.025751647,0.014269478,0.509823217,0.509823217,-0.851732171
OTU471,0.050814966,0.068049599,0.513067284,0.513067284,0.421333195
OTU4714,0.012644128,0.016648992,0.513759288,0.513759288,0.396967331
OTU248,0.000525011,0.000237048,0.516418716,0.516418716,-1.147171402
OTU937,0.016700078,0.01238049,0.518060235,0.518060235,-0.431786452
OTU12,0.737786154,1.078457386,0.520177796,0.520177796,0.547694551
OTU159,0.040750864,0.027809527,0.52108653,0.52108653,-0.551251461
OTU123,0.015446201,0.028072138,0.521238149,0.521238149,0.861886915
OTU5851,0.015968086,0.025452539,0.521390491,0.521390491,0.672618205
OTU376,0.006614912,0.009054908,0.523021027,0.523021027,0.452977904
OTU280,0.015468289,0.012240301,0.523456621,0.523456621,-0.337674606
OTU512,0.007883173,0.00517829,0.52609337,0.52609337,-0.606300762
OTU63,0.022201048,0.016198408,0.52661196,0.52661196,-0.454775787
OTU5804,0.011147886,0.014881423,0.534817197,0.534817197,0.416742272
OTU337,0.002294774,0.00573232,0.537516232,0.537516232,1.320767202
OTU1843,0.005069533,0.007903046,0.538257534,0.538257534,0.640556047
OTU435,0.004912312,0.007779571,0.538898224,0.538898224,0.663288475
OTU992,0.009130263,0.012635212,0.539555173,0.539555173,0.468721521
OTU375,0.01152234,0.015370169,0.54022854,0.54022854,0.415699276
OTU262,0.008447132,0.006170157,0.540567239,0.540567239,-0.453154374
OTU224,0.00509518,0.002724313,0.541484492,0.541484492,-0.903240384
OTU353,0.076390597,0.037072592,0.54164969,0.54164969,-1.04304209
OTU1327,0.00676903,0.004611366,0.543005938,0.543005938,-0.553755042
OTU355,0.01025564,0.015903815,0.543247129,0.543247129,0.632955334
OTU7,6.236391473,7.667177983,0.544343791,0.544343791,0.297984178
OTU431,0.013917614,0.009826241,0.551062585,0.551062585,-0.502200327
OTU119,0.26016008,0.212908102,0.551315527,0.551315527,-0.289168758
OTU1110,0.002649132,0.004387206,0.552573114,0.552573114,0.727782772
OTU2243,0.714728665,0.448104217,0.552881868,0.552881868,-0.673561346
OTU161,0.05216834,0.071759039,0.555067873,0.555067873,0.459986021
OTU127,0.05263282,0.069003799,0.562245988,0.562245988,0.390713117
OTU4670,0.029600479,0.023401665,0.563519186,0.563519186,-0.339009343
OTU11,0.100330174,0.128810724,0.565798102,0.565798102,0.36049715
OTU4824,0.01122058,0.007396777,0.567387348,0.567387348,-0.601178414
OTU2677,0.197510643,0.32982601,0.571890052,0.571890052,0.739774776
OTU113,0.076574164,0.058042574,0.573260618,0.573260618,-0.3997462
OTU300,0.032074432,0.020809266,0.576595666,0.576595666,-0.62419768
OTU432,0.004053535,0.006503358,0.576662571,0.576662571,0.682004244
OTU561,0.032641791,0.01745594,0.584600801,0.584600801,-0.903002169
OTU211,0.009797351,0.006600624,0.588958636,0.588958636,-0.569789305
OTU1179,0.023463036,0.017164264,0.590238166,0.590238166,-0.450981701
OTU34,0.070293452,0.08996422,0.592027612,0.592027612,0.355961047
OTU725,0.020964476,0.013262205,0.595724963,0.595724963,-0.660626113
OTU291,0.007327891,0.010035398,0.600272162,0.600272162,0.453627786
OTU514,0.006899115,0.008552593,0.601877363,0.601877363,0.309950604
OTU199,0.072937714,0.091211405,0.602855149,0.602855149,0.322549245
OTU179,0.018653897,0.023670678,0.604170935,0.604170935,0.34362398
OTU3693,0.020902626,0.01198745,0.604369295,0.604369295,-0.802159376
OTU319,0.009606507,0.012291269,0.60538652,0.60538652,0.355549974
OTU369,0.014021294,0.009579802,0.607524409,0.607524409,-0.549551815
OTU3186,0.00709619,0.005174365,0.608095679,0.608095679,-0.455662872
OTU164,0.01113196,0.01412786,0.610483554,0.610483554,0.343835328
OTU402,0.016766371,0.021347659,0.614537418,0.614537418,0.348507415
OTU102,0.102441657,0.080485872,0.615081014,0.615081014,-0.347995019
OTU538,0.121980505,0.095663946,0.615677704,0.615677704,-0.350603379
OTU5612,0.01614006,0.019093952,0.620863499,0.620863499,0.242469771
OTU2187,0.079931611,0.092601495,0.621520265,0.621520265,0.212269321
OTU286,0.019753338,0.028091715,0.623686863,0.623686863,0.508048287
OTU76,0.141562538,0.164625345,0.623972834,0.623972834,0.217746935
OTU1374,0.003448505,0.002482242,0.627056606,0.627056606,-0.474327637
OTU1703,0.2351463,0.169688224,0.628387984,0.628387984,-0.470672182
OTU64,0.042211064,0.058871437,0.629667158,0.629667158,0.479946647
OTU294,0.031085382,0.024052623,0.631599563,0.631599563,-0.370042082
OTU3603,0.007234991,0.009590563,0.632255034,0.632255034,0.40662434
OTU323,0.021421844,0.016542037,0.637133806,0.637133806,-0.372945793
OTU266,0.217470626,0.187803005,0.639548847,0.639548847,-0.211600397
OTU458,0.011869849,0.009893189,0.643607041,0.643607041,-0.262794122
OTU149,0.0478494,0.037502673,0.644576587,0.644576587,-0.351507396
OTU196,0.026237894,0.01908612,0.644601756,0.644601756,-0.459128099
OTU785,0.011047913,0.013410482,0.653460777,0.653460777,0.27958726
OTU1962,0.389129133,0.448438263,0.659801292,0.659801292,0.204660389
OTU244,0.09444962,0.072325195,0.662524899,0.662524899,-0.385046686
OTU520,0.011262066,0.008016873,0.669786646,0.669786646,-0.490360044
OTU842,0.022113647,0.028818349,0.671242231,0.671242231,0.38205071
OTU667,0.01019451,0.006297464,0.677025801,0.677025801,-0.694949542
OTU380,0.01471764,0.017398624,0.679912908,0.679912908,0.241426803
OTU245,0.029930422,0.033761141,0.68643015,0.68643015,0.173751037
OTU216,0.027240381,0.020946451,0.687912049,0.687912049,-0.379041009
OTU1241,0.01237655,0.009709059,0.690169664,0.690169664,-0.350205929
OTU405,0.014658685,0.010630844,0.691660244,0.691660244,-0.463499538
OTU103,0.014892919,0.011621693,0.693479391,0.693479391,-0.357806344
OTU492,0.006432774,0.008205029,0.695332122,0.695332122,0.35106739
OTU1824,0.133337717,0.107768801,0.701201116,0.701201116,-0.30714535
OTU299,0.00194115,0.00153081,0.703406673,0.703406673,-0.342616269
OTU132,0.015479373,0.018141708,0.715317278,0.715317278,0.228963248
OTU8,3.311119087,4.190900498,0.717530868,0.717530868,0.339941369
OTU341,0.015717374,0.012010139,0.719385044,0.719385044,-0.388107282
OTU360,0.028057787,0.021537794,0.723678899,0.723678899,-0.381530779
OTU10,2.677229484,2.430922639,0.735393725,0.735393725,-0.139236825
OTU251,0.010221216,0.008407037,0.738100519,0.738100519,-0.281897504
OTU54,0.840092116,0.780783866,0.753900148,0.753900148,-0.105624286
OTU335,0.034592273,0.040319082,0.755466515,0.755466515,0.221012967
OTU1945,0.006538329,0.005681757,0.756964106,0.756964106,-0.202584957
OTU295,0.117144801,0.104566185,0.76105031,0.76105031,-0.163876555
OTU297,0.001886122,0.002387897,0.76235466,0.76235466,0.340318068
OTU1892,0.007104081,0.005870484,0.763270048,0.763270048,-0.275168643
OTU699,0.006900363,0.007964855,0.769641527,0.769641527,0.20697581
OTU674,0.003571507,0.004349824,0.773888786,0.773888786,0.284424162
OTU364,0.016244349,0.014676335,0.777404309,0.777404309,-0.146446112
OTU282,0.029127772,0.023840586,0.777933175,0.777933175,-0.288975662
OTU513,0.006101758,0.007272641,0.780278912,0.780278912,0.253254299
OTU137,0.12747475,0.139862573,0.781553808,0.781553808,0.133798441
OTU2,0.607495391,0.713569951,0.785323624,0.785323624,0.232181401
OTU1116,0.02871806,0.0252128,0.787873932,0.787873932,-0.187801931
OTU418,0.012458725,0.013948618,0.788623358,0.788623358,0.16296576
OTU229,0.034285553,0.030231367,0.788968645,0.788968645,-0.181554592
OTU129,0.115091278,0.103988863,0.794087083,0.794087083,-0.146349475
OTU420,0.006544374,0.007440823,0.79433805,0.79433805,0.185207085
OTU147,0.163909068,0.131777074,0.794385067,0.794385067,-0.314796269
OTU70,0.165579263,0.150009715,0.797107628,0.797107628,-0.142466073
OTU3365,0.012101967,0.014310161,0.798254481,0.798254481,0.241798402
OTU460,0.004570057,0.003504007,0.800866893,0.800866893,-0.383206766
OTU239,0.006601663,0.005749537,0.802050433,0.802050433,-0.199383551
OTU28,0.599523323,0.524736311,0.804140686,0.804140686,-0.192223251
OTU203,0.030101705,0.024838242,0.804724803,0.804724803,-0.277282145
OTU67,0.015743714,0.018473306,0.807053657,0.807053657,0.230666233
OTU720,0.115958071,0.106511498,0.808857585,0.808857585,-0.122594054
OTU4774,0.004704206,0.005528053,0.817197174,0.817197174,0.232820018
OTU3016,0.009162909,0.009935268,0.81859411,0.81859411,0.11675317
OTU49,0.327493571,0.289031597,0.81896017,0.81896017,-0.180239368
OTU313,0.006088599,0.005243718,0.830609933,0.830609933,-0.215520215
OTU4749,0.00174398,0.002165796,0.835394389,0.835394389,0.312513966
OTU351,0.001464999,0.001910147,0.841285835,0.841285835,0.382783756
OTU5665,0.040808391,0.044631027,0.842410031,0.842410031,0.12918118
OTU415,0.004343172,0.004820578,0.842846661,0.842846661,0.150457203
OTU90,0.381542268,0.341268349,0.844986166,0.844986166,-0.160936275
OTU222,0.002753912,0.00308751,0.846022046,0.846022046,0.164961254
OTU152,0.075442558,0.080235268,0.847422367,0.847422367,0.088857935
OTU91,0.007461801,0.008473827,0.848175037,0.848175037,0.183489767
OTU252,0.00010127,8.11E-05,0.851721448,0.851721448,-0.320748367
OTU2853,0.040122409,0.042892954,0.852622802,0.852622802,0.096332441
OTU22,0.07222096,0.062306164,0.854267239,0.854267239,-0.213042704
OTU4405,0.036040648,0.038411406,0.856928689,0.856928689,0.091909822
OTU285,0.002536453,0.002282161,0.859087504,0.859087504,-0.152411839
OTU4213,0.003188031,0.002759073,0.859389001,0.859389001,-0.208482011
OTU338,0.03108495,0.028870232,0.861038714,0.861038714,-0.106633565
OTU788,0.010283404,0.010969283,0.865249256,0.865249256,0.093151358
OTU1720,0.01179168,0.013072275,0.865764304,0.865764304,0.14874098
OTU99,0.205407458,0.190678435,0.867373043,0.867373043,-0.107346876
OTU2868,0.00953395,0.010461712,0.867595999,0.867595999,0.133972905
OTU1219,0.012470386,0.013380019,0.869780715,0.869780715,0.101574001
OTU258,0.010714165,0.012371573,0.876881481,0.876881481,0.20750944
OTU3531,0.001922577,0.001759754,0.877515137,0.877515137,-0.127667609
OTU741,0.031675594,0.033482386,0.88045462,0.88045462,0.080030654
OTU2504,0.027392811,0.024287082,0.88233853,0.88233853,-0.173608187
OTU1253,0.003333238,0.002907441,0.883258262,0.883258262,-0.197174242
OTU1960,0.006844877,0.007229216,0.88940246,0.88940246,0.078814657
OTU120,0.042387823,0.04060927,0.890034063,0.890034063,-0.06184078
OTU754,0.001101026,0.001184058,0.890439475,0.890439475,0.104890827
OTU305,0.179792429,0.203653293,0.897097606,0.897097606,0.179782872
OTU146,0.009789826,0.01076284,0.898733851,0.898733851,0.136703715
OTU690,0.030910126,0.03309827,0.899549778,0.899549778,0.098676297
OTU1397,0.003734942,0.004063226,0.899865829,0.899865829,0.121539704
OTU308,0.005412812,0.005951921,0.899990577,0.899990577,0.136977032
OTU188,0.001941392,0.002140147,0.900564896,0.900564896,0.140617799
OTU200,0.011262357,0.010422756,0.901288752,0.901288752,-0.11177205
OTU2395,0.18284051,0.19169784,0.902460874,0.902460874,0.068248337
OTU209,0.028065964,0.029647598,0.904967138,0.904967138,0.079093593
OTU5393,0.008719602,0.00926551,0.905120034,0.905120034,0.087608107
OTU112,0.394908217,0.407289234,0.90648065,0.90648065,0.044536295
OTU3897,0.003511091,0.003186259,0.907182289,0.907182289,-0.140055859
OTU1407,0.007576368,0.007136704,0.91239059,0.91239059,-0.086248526
OTU116,0.008191725,0.008650507,0.919586105,0.919586105,0.078617416
OTU633,0.002002909,0.002198484,0.920916355,0.920916355,0.134412245
OTU450,0.010505523,0.00970741,0.921394601,0.921394601,-0.113989627
OTU135,0.071701356,0.075664042,0.922229087,0.922229087,0.077607441
OTU44,0.264148081,0.251485459,0.924526039,0.924526039,-0.070871944
OTU201,0.012604365,0.012026874,0.924917045,0.924917045,-0.067661672
OTU984,0.008939523,0.009231755,0.934203916,0.934203916,0.046407114
OTU287,0.125781602,0.129365378,0.936303022,0.936303022,0.040530647
OTU84,0.813612532,0.828858391,0.937185731,0.937185731,0.026783739
OTU1992,0.003167496,0.00333041,0.94073183,0.94073183,0.072356843
OTU904,0.01838296,0.018008599,0.942739696,0.942739696,-0.029683181
OTU1653,0.000565934,0.000605277,0.943210434,0.943210434,0.096962934
OTU645,0.009924937,0.010515667,0.946609505,0.946609505,0.083410558
OTU261,0.007265221,0.006784276,0.950410686,0.950410686,-0.098811844
OTU278,0.004695127,0.004428618,0.950814762,0.950814762,-0.084307505
OTU469,0.055637437,0.054433291,0.951407484,0.951407484,-0.031566698
OTU1556,0.00690842,0.007075699,0.952331472,0.952331472,0.034516956
OTU283,0.035682111,0.036476818,0.955075794,0.955075794,0.03177891
OTU2535,0.004557723,0.004709275,0.958338352,0.958338352,0.047191739
OTU5291,0.032572211,0.031870668,0.95866833,0.95866833,-0.031412384
OTU45,0.468331965,0.461895334,0.960820746,0.960820746,-0.019965537
OTU126,0.065519686,0.066987057,0.963062268,0.963062268,0.031953918
OTU2771,0.064796977,0.063904944,0.975468823,0.975468823,-0.019998959
OTU100,0.018868306,0.019150984,0.978914086,0.978914086,0.021453586
OTU804,0.006827529,0.00669399,0.980509168,0.980509168,-0.028496974
OTU2902,0.309285082,0.307251954,0.981265279,0.981265279,-0.009515066
OTU175,0.034088548,0.033838983,0.98658561,0.98658561,-0.010600965
OTU56,0.409670716,0.411333544,0.988334333,0.988334333,0.005843958
OTU461,0.010722629,0.01064957,0.989013188,0.989013188,-0.009863446
OTU4390,0.002107015,0.002093517,0.991945985,0.991945985,-0.009272085
OTU901,0.012566122,0.012656309,0.991979447,0.991979447,0.010317185
OTU524,0.004500472,0.004515386,0.994123336,0.994123336,0.004773045
OTU973,0.353657608,0.352982658,0.996363798,0.996363798,-0.002755994
